"Experiment","Board","wordpair","clue","count","total","proportion"
"E2","TrialList8","army-drum","march",13,43,0.302325581395349
"E2","TrialList8","army-drum","military",7,43,0.162790697674419
"E2","TrialList8","army-drum","band",5,43,0.116279069767442
"E2","TrialList8","army-drum","war",4,43,0.0930232558139535
"E2","TrialList8","army-drum","battle cry",2,43,0.0465116279069767
"E2","TrialList8","army-drum","soldier",2,43,0.0465116279069767
"E2","TrialList8","army-drum","battle",1,43,0.0232558139534884
"E2","TrialList8","army-drum","beat",1,43,0.0232558139534884
"E2","TrialList8","army-drum","bugle",1,43,0.0232558139534884
"E2","TrialList8","army-drum","fighter",1,43,0.0232558139534884
"E2","TrialList8","army-drum","marching band",1,43,0.0232558139534884
"E2","TrialList8","army-drum","militant",1,43,0.0232558139534884
"E2","TrialList8","army-drum","patriotism",1,43,0.0232558139534884
"E2","TrialList8","army-drum","revolution",1,43,0.0232558139534884
"E2","TrialList8","army-drum","strike",1,43,0.0232558139534884
"E2","TrialList8","army-drum","wartime",1,43,0.0232558139534884
"E1","TrialList8","bad-actress","movie",6,30,0.2
"E1","TrialList8","bad-actress","boo",3,30,0.1
"E1","TrialList8","bad-actress","critic",2,30,0.0666666666666667
"E1","TrialList8","bad-actress","rotten tomatoes",2,30,0.0666666666666667
"E1","TrialList8","bad-actress","attitude",1,30,0.0333333333333333
"E1","TrialList8","bad-actress","cringeworthy",1,30,0.0333333333333333
"E1","TrialList8","bad-actress","drama",1,30,0.0333333333333333
"E1","TrialList8","bad-actress","failure",1,30,0.0333333333333333
"E1","TrialList8","bad-actress","fake",1,30,0.0333333333333333
"E1","TrialList8","bad-actress","film",1,30,0.0333333333333333
"E1","TrialList8","bad-actress","imitator",1,30,0.0333333333333333
"E1","TrialList8","bad-actress","monologue",1,30,0.0333333333333333
"E1","TrialList8","bad-actress","music",1,30,0.0333333333333333
"E1","TrialList8","bad-actress","nepotism",1,30,0.0333333333333333
"E1","TrialList8","bad-actress","riverdale",1,30,0.0333333333333333
"E1","TrialList8","bad-actress","rot",1,30,0.0333333333333333
"E1","TrialList8","bad-actress","soap opera",1,30,0.0333333333333333
"E1","TrialList8","bad-actress","television",1,30,0.0333333333333333
"E1","TrialList8","bad-actress","terrible",1,30,0.0333333333333333
"E1","TrialList8","bad-actress","vanessa hudgens",1,30,0.0333333333333333
"E1","TrialList8","bad-actress","villain",1,30,0.0333333333333333
"E1","TrialList9","bat-bounce","baseball",14,31,0.451612903225806
"E1","TrialList9","bat-bounce","ball",10,31,0.32258064516129
"E1","TrialList9","bat-bounce","fly",2,31,0.0645161290322581
"E1","TrialList9","bat-bounce","echolocation",1,31,0.032258064516129
"E1","TrialList9","bat-bounce","groundball",1,31,0.032258064516129
"E1","TrialList9","bat-bounce","hero",1,31,0.032258064516129
"E1","TrialList9","bat-bounce","move",1,31,0.032258064516129
"E1","TrialList9","bat-bounce","sport",1,31,0.032258064516129
"E1","TrialList2","beginning-brake","start",9,31,0.290322580645161
"E1","TrialList2","beginning-brake","slow",2,31,0.0645161290322581
"E1","TrialList2","beginning-brake","stop",2,31,0.0645161290322581
"E1","TrialList2","beginning-brake","time",2,31,0.0645161290322581
"E1","TrialList2","beginning-brake","abrupt",1,31,0.032258064516129
"E1","TrialList2","beginning-brake","bicycle",1,31,0.032258064516129
"E1","TrialList2","beginning-brake","bike",1,31,0.032258064516129
"E1","TrialList2","beginning-brake","car",1,31,0.032258064516129
"E1","TrialList2","beginning-brake","cautious",1,31,0.032258064516129
"E1","TrialList2","beginning-brake","drive",1,31,0.032258064516129
"E1","TrialList2","beginning-brake","driver",1,31,0.032258064516129
"E1","TrialList2","beginning-brake","end",1,31,0.032258064516129
"E1","TrialList2","beginning-brake","ignition",1,31,0.032258064516129
"E1","TrialList2","beginning-brake","license",1,31,0.032258064516129
"E1","TrialList2","beginning-brake","manual",1,31,0.032258064516129
"E1","TrialList2","beginning-brake","new",1,31,0.032258064516129
"E1","TrialList2","beginning-brake","race",1,31,0.032258064516129
"E1","TrialList2","beginning-brake","restart",1,31,0.032258064516129
"E1","TrialList2","beginning-brake","stoplight",1,31,0.032258064516129
"E1","TrialList2","beginning-brake","tricycle",1,31,0.032258064516129
"E1","TrialList2","birds-aircraft","fly",20,31,0.645161290322581
"E1","TrialList2","birds-aircraft","flight",8,31,0.258064516129032
"E1","TrialList2","birds-aircraft","sky",2,31,0.0645161290322581
"E1","TrialList2","birds-aircraft","turbine",1,31,0.032258064516129
"E1","TrialList8","breeze-bubble","blow",7,31,0.225806451612903
"E1","TrialList8","breeze-bubble","air",5,31,0.161290322580645
"E1","TrialList8","breeze-bubble","float",3,31,0.0967741935483871
"E1","TrialList8","breeze-bubble","wind",3,31,0.0967741935483871
"E1","TrialList8","breeze-bubble","light",2,31,0.0645161290322581
"E1","TrialList8","breeze-bubble","soap",2,31,0.0645161290322581
"E1","TrialList8","breeze-bubble","bath",1,31,0.032258064516129
"E1","TrialList8","breeze-bubble","beach",1,31,0.032258064516129
"E1","TrialList8","breeze-bubble","effect",1,31,0.032258064516129
"E1","TrialList8","breeze-bubble","gentle",1,31,0.032258064516129
"E1","TrialList8","breeze-bubble","ocean",1,31,0.032258064516129
"E1","TrialList8","breeze-bubble","outside",1,31,0.032258064516129
"E1","TrialList8","breeze-bubble","relax",1,31,0.032258064516129
"E1","TrialList8","breeze-bubble","sea",1,31,0.032258064516129
"E1","TrialList8","breeze-bubble","spring",1,31,0.032258064516129
"E2","TrialList9","candle-wick","flame",14,42,0.333333333333333
"E2","TrialList9","candle-wick","burn",8,42,0.19047619047619
"E2","TrialList9","candle-wick","light",7,42,0.166666666666667
"E2","TrialList9","candle-wick","wax",4,42,0.0952380952380952
"E2","TrialList9","candle-wick","match",2,42,0.0476190476190476
"E2","TrialList9","candle-wick","board",1,42,0.0238095238095238
"E2","TrialList9","candle-wick","cake",1,42,0.0238095238095238
"E2","TrialList9","candle-wick","fire",1,42,0.0238095238095238
"E2","TrialList9","candle-wick","holiday",1,42,0.0238095238095238
"E2","TrialList9","candle-wick","lamp",1,42,0.0238095238095238
"E2","TrialList9","candle-wick","melt",1,42,0.0238095238095238
"E2","TrialList9","candle-wick","smell",1,42,0.0238095238095238
"E2","TrialList1","cave-knight","dark",8,43,0.186046511627907
"E2","TrialList1","cave-knight","dragon",8,43,0.186046511627907
"E2","TrialList1","cave-knight","medieval",7,43,0.162790697674419
"E2","TrialList1","cave-knight","dungeon",4,43,0.0930232558139535
"E2","TrialList1","cave-knight","adventure",2,43,0.0465116279069767
"E2","TrialList1","cave-knight","darkness",2,43,0.0465116279069767
"E2","TrialList1","cave-knight","warrior",2,43,0.0465116279069767
"E2","TrialList1","cave-knight","batman",1,43,0.0232558139534884
"E2","TrialList1","cave-knight","castle",1,43,0.0232558139534884
"E2","TrialList1","cave-knight","hide",1,43,0.0232558139534884
"E2","TrialList1","cave-knight","kingdom",1,43,0.0232558139534884
"E2","TrialList1","cave-knight","monster",1,43,0.0232558139534884
"E2","TrialList1","cave-knight","opposite",1,43,0.0232558139534884
"E2","TrialList1","cave-knight","protection",1,43,0.0232558139534884
"E2","TrialList1","cave-knight","quest",1,43,0.0232558139534884
"E2","TrialList1","cave-knight","soldier",1,43,0.0232558139534884
"E2","TrialList1","cave-knight","valor",1,43,0.0232558139534884
"E2","TrialList10","chair-table","furniture",16,44,0.363636363636364
"E2","TrialList10","chair-table","dine",8,44,0.181818181818182
"E2","TrialList10","chair-table","dinner",6,44,0.136363636363636
"E2","TrialList10","chair-table","seat",4,44,0.0909090909090909
"E2","TrialList10","chair-table","desk",3,44,0.0681818181818182
"E2","TrialList10","chair-table","kitchen",2,44,0.0454545454545455
"E2","TrialList10","chair-table","dining",1,44,0.0227272727272727
"E2","TrialList10","chair-table","dining room",1,44,0.0227272727272727
"E2","TrialList10","chair-table","household",1,44,0.0227272727272727
"E2","TrialList10","chair-table","mealtime",1,44,0.0227272727272727
"E2","TrialList10","chair-table","sit",1,44,0.0227272727272727
"E1","TrialList3","circle-dance","spin",4,30,0.133333333333333
"E1","TrialList3","circle-dance","celebration",2,30,0.0666666666666667
"E1","TrialList3","circle-dance","moshpit",2,30,0.0666666666666667
"E1","TrialList3","circle-dance","move",2,30,0.0666666666666667
"E1","TrialList3","circle-dance","party",2,30,0.0666666666666667
"E1","TrialList3","circle-dance","art",1,30,0.0333333333333333
"E1","TrialList3","circle-dance","campfire",1,30,0.0333333333333333
"E1","TrialList3","circle-dance","choreography",1,30,0.0333333333333333
"E1","TrialList3","circle-dance","circus",1,30,0.0333333333333333
"E1","TrialList3","circle-dance","formation",1,30,0.0333333333333333
"E1","TrialList3","circle-dance","group",1,30,0.0333333333333333
"E1","TrialList3","circle-dance","hula",1,30,0.0333333333333333
"E1","TrialList3","circle-dance","mixer",1,30,0.0333333333333333
"E1","TrialList3","circle-dance","movement",1,30,0.0333333333333333
"E1","TrialList3","circle-dance","performance",1,30,0.0333333333333333
"E1","TrialList3","circle-dance","prom",1,30,0.0333333333333333
"E1","TrialList3","circle-dance","ritual",1,30,0.0333333333333333
"E1","TrialList3","circle-dance","round",1,30,0.0333333333333333
"E1","TrialList3","circle-dance","shape",1,30,0.0333333333333333
"E1","TrialList3","circle-dance","social",1,30,0.0333333333333333
"E1","TrialList3","circle-dance","square",1,30,0.0333333333333333
"E1","TrialList3","circle-dance","squaredance",1,30,0.0333333333333333
"E1","TrialList3","circle-dance","twirl",1,30,0.0333333333333333
"E1","TrialList8","communicate-cooking","recipe",9,31,0.290322580645161
"E1","TrialList8","communicate-cooking","kitchen",3,31,0.0967741935483871
"E1","TrialList8","communicate-cooking","bake",2,31,0.0645161290322581
"E1","TrialList8","communicate-cooking","chef",2,31,0.0645161290322581
"E1","TrialList8","communicate-cooking","show",2,31,0.0645161290322581
"E1","TrialList8","communicate-cooking","book",1,31,0.032258064516129
"E1","TrialList8","communicate-cooking","competition",1,31,0.032258064516129
"E1","TrialList8","communicate-cooking","cultural",1,31,0.032258064516129
"E1","TrialList8","communicate-cooking","culture",1,31,0.032258064516129
"E1","TrialList8","communicate-cooking","food",1,31,0.032258064516129
"E1","TrialList8","communicate-cooking","list",1,31,0.032258064516129
"E1","TrialList8","communicate-cooking","mother",1,31,0.032258064516129
"E1","TrialList8","communicate-cooking","partner",1,31,0.032258064516129
"E1","TrialList8","communicate-cooking","practice",1,31,0.032258064516129
"E1","TrialList8","communicate-cooking","ramsey",1,31,0.032258064516129
"E1","TrialList8","communicate-cooking","talk",1,31,0.032258064516129
"E1","TrialList8","communicate-cooking","tell",1,31,0.032258064516129
"E1","TrialList8","communicate-cooking","video",1,31,0.032258064516129
"E1","TrialList4","corpse-fight","war",7,31,0.225806451612903
"E1","TrialList4","corpse-fight","death",6,31,0.193548387096774
"E1","TrialList4","corpse-fight","battle",3,31,0.0967741935483871
"E1","TrialList4","corpse-fight","dead",2,31,0.0645161290322581
"E1","TrialList4","corpse-fight","zombie",2,31,0.0645161290322581
"E1","TrialList4","corpse-fight","abuse",1,31,0.032258064516129
"E1","TrialList4","corpse-fight","body",1,31,0.032258064516129
"E1","TrialList4","corpse-fight","dark",1,31,0.032258064516129
"E1","TrialList4","corpse-fight","fatal",1,31,0.032258064516129
"E1","TrialList4","corpse-fight","funeral",1,31,0.032258064516129
"E1","TrialList4","corpse-fight","gladiator",1,31,0.032258064516129
"E1","TrialList4","corpse-fight","gun",1,31,0.032258064516129
"E1","TrialList4","corpse-fight","hamilton",1,31,0.032258064516129
"E1","TrialList4","corpse-fight","kill",1,31,0.032258064516129
"E1","TrialList4","corpse-fight","knockout",1,31,0.032258064516129
"E1","TrialList4","corpse-fight","murder",1,31,0.032258064516129
"E2","TrialList6","crust-boot","mud",13,44,0.295454545454545
"E2","TrialList6","crust-boot","dirt",5,44,0.113636363636364
"E2","TrialList6","crust-boot","dirty",4,44,0.0909090909090909
"E2","TrialList6","crust-boot","shoe",4,44,0.0909090909090909
"E2","TrialList6","crust-boot","hike",2,44,0.0454545454545455
"E2","TrialList6","crust-boot","italy",2,44,0.0454545454545455
"E2","TrialList6","crust-boot","blister",1,44,0.0227272727272727
"E2","TrialList6","crust-boot","callus",1,44,0.0227272727272727
"E2","TrialList6","crust-boot","desert",1,44,0.0227272727272727
"E2","TrialList6","crust-boot","earth",1,44,0.0227272727272727
"E2","TrialList6","crust-boot","fisherman",1,44,0.0227272727272727
"E2","TrialList6","crust-boot","footwear",1,44,0.0227272727272727
"E2","TrialList6","crust-boot","grime",1,44,0.0227272727272727
"E2","TrialList6","crust-boot","ground",1,44,0.0227272727272727
"E2","TrialList6","crust-boot","item",1,44,0.0227272727272727
"E2","TrialList6","crust-boot","old",1,44,0.0227272727272727
"E2","TrialList6","crust-boot","pizza",1,44,0.0227272727272727
"E2","TrialList6","crust-boot","sock",1,44,0.0227272727272727
"E2","TrialList6","crust-boot","sole",1,44,0.0227272727272727
"E2","TrialList6","crust-boot","upper",1,44,0.0227272727272727
"E1","TrialList6","definition-assist","dictionary",12,31,0.387096774193548
"E1","TrialList6","definition-assist","help",5,31,0.161290322580645
"E1","TrialList6","definition-assist","explain",3,31,0.0967741935483871
"E1","TrialList6","definition-assist","synonym",2,31,0.0645161290322581
"E1","TrialList6","definition-assist","teach",2,31,0.0645161290322581
"E1","TrialList6","definition-assist","clarify",1,31,0.032258064516129
"E1","TrialList6","definition-assist","helpful",1,31,0.032258064516129
"E1","TrialList6","definition-assist","instructor",1,31,0.032258064516129
"E1","TrialList6","definition-assist","reference",1,31,0.032258064516129
"E1","TrialList6","definition-assist","rondo",1,31,0.032258064516129
"E1","TrialList6","definition-assist","thesaurus",1,31,0.032258064516129
"E1","TrialList6","definition-assist","vocabulary",1,31,0.032258064516129
"E2","TrialList4","dream-bet","gamble",7,44,0.159090909090909
"E2","TrialList4","dream-bet","goal",5,44,0.113636363636364
"E2","TrialList4","dream-bet","lottery",4,44,0.0909090909090909
"E2","TrialList4","dream-bet","wish",3,44,0.0681818181818182
"E2","TrialList4","dream-bet","chance",2,44,0.0454545454545455
"E2","TrialList4","dream-bet","future",2,44,0.0454545454545455
"E2","TrialList4","dream-bet","nightmare",2,44,0.0454545454545455
"E2","TrialList4","dream-bet","risk",2,44,0.0454545454545455
"E2","TrialList4","dream-bet","uncertain",2,44,0.0454545454545455
"E2","TrialList4","dream-bet","wishful",2,44,0.0454545454545455
"E2","TrialList4","dream-bet","bed",1,44,0.0227272727272727
"E2","TrialList4","dream-bet","belief",1,44,0.0227272727272727
"E2","TrialList4","dream-bet","dopamine",1,44,0.0227272727272727
"E2","TrialList4","dream-bet","hope",1,44,0.0227272727272727
"E2","TrialList4","dream-bet","imagine",1,44,0.0227272727272727
"E2","TrialList4","dream-bet","luck",1,44,0.0227272727272727
"E2","TrialList4","dream-bet","millionaire",1,44,0.0227272727272727
"E2","TrialList4","dream-bet","money",1,44,0.0227272727272727
"E2","TrialList4","dream-bet","predict",1,44,0.0227272727272727
"E2","TrialList4","dream-bet","rich",1,44,0.0227272727272727
"E2","TrialList4","dream-bet","stake",1,44,0.0227272727272727
"E2","TrialList4","dream-bet","vegas",1,44,0.0227272727272727
"E2","TrialList4","dream-bet","win",1,44,0.0227272727272727
"E2","TrialList7","east-short","direction",14,44,0.318181818181818
"E2","TrialList7","east-short","vector",3,44,0.0681818181818182
"E2","TrialList7","east-short","asian",2,44,0.0454545454545455
"E2","TrialList7","east-short","illinois",2,44,0.0454545454545455
"E2","TrialList7","east-short","small",2,44,0.0454545454545455
"E2","TrialList7","east-short","sunrise",2,44,0.0454545454545455
"E2","TrialList7","east-short","west",2,44,0.0454545454545455
"E2","TrialList7","east-short","arrow",1,44,0.0227272727272727
"E2","TrialList7","east-short","cardinal",1,44,0.0227272727272727
"E2","TrialList7","east-short","coast",1,44,0.0227272727272727
"E2","TrialList7","east-short","compass",1,44,0.0227272727272727
"E2","TrialList7","east-short","directionless",1,44,0.0227272727272727
"E2","TrialList7","east-short","distance",1,44,0.0227272727272727
"E2","TrialList7","east-short","identification",1,44,0.0227272727272727
"E2","TrialList7","east-short","inch",1,44,0.0227272727272727
"E2","TrialList7","east-short","jersey",1,44,0.0227272727272727
"E2","TrialList7","east-short","magnitude",1,44,0.0227272727272727
"E2","TrialList7","east-short","measurement",1,44,0.0227272727272727
"E2","TrialList7","east-short","navigate",1,44,0.0227272727272727
"E2","TrialList7","east-short","origin",1,44,0.0227272727272727
"E2","TrialList7","east-short","physicality",1,44,0.0227272727272727
"E2","TrialList7","east-short","road",1,44,0.0227272727272727
"E2","TrialList7","east-short","simple",1,44,0.0227272727272727
"E2","TrialList7","east-short","turn",1,44,0.0227272727272727
"E2","TrialList6","elm-rock","nature",11,44,0.25
"E2","TrialList6","elm-rock","forest",3,44,0.0681818181818182
"E2","TrialList6","elm-rock","hard",3,44,0.0681818181818182
"E2","TrialList6","elm-rock","landscape",3,44,0.0681818181818182
"E2","TrialList6","elm-rock","stone",2,44,0.0454545454545455
"E2","TrialList6","elm-rock","tree",2,44,0.0454545454545455
"E2","TrialList6","elm-rock","wood",2,44,0.0454545454545455
"E2","TrialList6","elm-rock","backyard",1,44,0.0227272727272727
"E2","TrialList6","elm-rock","climb",1,44,0.0227272727272727
"E2","TrialList6","elm-rock","earth",1,44,0.0227272727272727
"E2","TrialList6","elm-rock","firm",1,44,0.0227272727272727
"E2","TrialList6","elm-rock","ground",1,44,0.0227272727272727
"E2","TrialList6","elm-rock","hardwood",1,44,0.0227272727272727
"E2","TrialList6","elm-rock","heavy",1,44,0.0227272727272727
"E2","TrialList6","elm-rock","inanimate",1,44,0.0227272727272727
"E2","TrialList6","elm-rock","landform",1,44,0.0227272727272727
"E2","TrialList6","elm-rock","landmark",1,44,0.0227272727272727
"E2","TrialList6","elm-rock","lichen",1,44,0.0227272727272727
"E2","TrialList6","elm-rock","moss",1,44,0.0227272727272727
"E2","TrialList6","elm-rock","natural",1,44,0.0227272727272727
"E2","TrialList6","elm-rock","outcropping",1,44,0.0227272727272727
"E2","TrialList6","elm-rock","outdoor",1,44,0.0227272727272727
"E2","TrialList6","elm-rock","rigid",1,44,0.0227272727272727
"E2","TrialList6","elm-rock","root",1,44,0.0227272727272727
"E2","TrialList6","elm-rock","unmoving",1,44,0.0227272727272727
"E1","TrialList1","exam-algebra","math",22,31,0.709677419354839
"E1","TrialList1","exam-algebra","test",3,31,0.0967741935483871
"E1","TrialList1","exam-algebra","school",2,31,0.0645161290322581
"E1","TrialList1","exam-algebra","calculus",1,31,0.032258064516129
"E1","TrialList1","exam-algebra","equation",1,31,0.032258064516129
"E1","TrialList1","exam-algebra","knowledge",1,31,0.032258064516129
"E1","TrialList1","exam-algebra","study",1,31,0.032258064516129
"E1","TrialList3","famine-calorie","food",18,31,0.580645161290323
"E1","TrialList3","famine-calorie","hunger",5,31,0.161290322580645
"E1","TrialList3","famine-calorie","starve",3,31,0.0967741935483871
"E1","TrialList3","famine-calorie","anorexia",1,31,0.032258064516129
"E1","TrialList3","famine-calorie","appetite",1,31,0.032258064516129
"E1","TrialList3","famine-calorie","deficit",1,31,0.032258064516129
"E1","TrialList3","famine-calorie","diet",1,31,0.032258064516129
"E1","TrialList3","famine-calorie","potato",1,31,0.032258064516129
"E2","TrialList10","feet-chapel","jesus",3,44,0.0681818181818182
"E2","TrialList10","feet-chapel","kneel",3,44,0.0681818181818182
"E2","TrialList10","feet-chapel","wash",3,44,0.0681818181818182
"E2","TrialList10","feet-chapel","worship",3,44,0.0681818181818182
"E2","TrialList10","feet-chapel","baptism",2,44,0.0454545454545455
"E2","TrialList10","feet-chapel","bare",2,44,0.0454545454545455
"E2","TrialList10","feet-chapel","church",2,44,0.0454545454545455
"E2","TrialList10","feet-chapel","holy",2,44,0.0454545454545455
"E2","TrialList10","feet-chapel","pilgrimage",2,44,0.0454545454545455
"E2","TrialList10","feet-chapel","prayer",2,44,0.0454545454545455
"E2","TrialList10","feet-chapel","aisle",1,44,0.0227272727272727
"E2","TrialList10","feet-chapel","catholicism",1,44,0.0227272727272727
"E2","TrialList10","feet-chapel","churchgoer",1,44,0.0227272727272727
"E2","TrialList10","feet-chapel","churchyard",1,44,0.0227272727272727
"E2","TrialList10","feet-chapel","cleanse",1,44,0.0227272727272727
"E2","TrialList10","feet-chapel","david",1,44,0.0227272727272727
"E2","TrialList10","feet-chapel","foot",1,44,0.0227272727272727
"E2","TrialList10","feet-chapel","god",1,44,0.0227272727272727
"E2","TrialList10","feet-chapel","ground",1,44,0.0227272727272727
"E2","TrialList10","feet-chapel","marble",1,44,0.0227272727272727
"E2","TrialList10","feet-chapel","miracle",1,44,0.0227272727272727
"E2","TrialList10","feet-chapel","mosque",1,44,0.0227272727272727
"E2","TrialList10","feet-chapel","penny loafers",1,44,0.0227272727272727
"E2","TrialList10","feet-chapel","pope",1,44,0.0227272727272727
"E2","TrialList10","feet-chapel","religious",1,44,0.0227272727272727
"E2","TrialList10","feet-chapel","sandals",1,44,0.0227272727272727
"E2","TrialList10","feet-chapel","shoe",1,44,0.0227272727272727
"E2","TrialList10","feet-chapel","stand",1,44,0.0227272727272727
"E2","TrialList10","feet-chapel","walk",1,44,0.0227272727272727
"E2","TrialList10","feet-chapel","waltz",1,44,0.0227272727272727
"E1","TrialList7","flat-alike","similar",5,31,0.161290322580645
"E1","TrialList7","flat-alike","pancake",2,31,0.0645161290322581
"E1","TrialList7","flat-alike","paper",2,31,0.0645161290322581
"E1","TrialList7","flat-alike","same",2,31,0.0645161290322581
"E1","TrialList7","flat-alike","affect",1,31,0.032258064516129
"E1","TrialList7","flat-alike","angle",1,31,0.032258064516129
"E1","TrialList7","flat-alike","bland",1,31,0.032258064516129
"E1","TrialList7","flat-alike","boring",1,31,0.032258064516129
"E1","TrialList7","flat-alike","comparison",1,31,0.032258064516129
"E1","TrialList7","flat-alike","description",1,31,0.032258064516129
"E1","TrialList7","flat-alike","desert",1,31,0.032258064516129
"E1","TrialList7","flat-alike","feet",1,31,0.032258064516129
"E1","TrialList7","flat-alike","geometric",1,31,0.032258064516129
"E1","TrialList7","flat-alike","kansas",1,31,0.032258064516129
"E1","TrialList7","flat-alike","plain",1,31,0.032258064516129
"E1","TrialList7","flat-alike","plateau",1,31,0.032258064516129
"E1","TrialList7","flat-alike","shoe",1,31,0.032258064516129
"E1","TrialList7","flat-alike","sidewalk",1,31,0.032258064516129
"E1","TrialList7","flat-alike","smooth",1,31,0.032258064516129
"E1","TrialList7","flat-alike","stanley",1,31,0.032258064516129
"E1","TrialList7","flat-alike","tire",1,31,0.032258064516129
"E1","TrialList7","flat-alike","unchanging",1,31,0.032258064516129
"E1","TrialList7","flat-alike","uniform",1,31,0.032258064516129
"E1","TrialList7","flat-alike","wall",1,31,0.032258064516129
"E2","TrialList10","garage-bone","dog",10,44,0.227272727272727
"E2","TrialList10","garage-bone","doghouse",5,44,0.113636363636364
"E2","TrialList10","garage-bone","storage",5,44,0.113636363636364
"E2","TrialList10","garage-bone","car",2,44,0.0454545454545455
"E2","TrialList10","garage-bone","motorcycle",2,44,0.0454545454545455
"E2","TrialList10","garage-bone","skeleton",2,44,0.0454545454545455
"E2","TrialList10","garage-bone","trash",2,44,0.0454545454545455
"E2","TrialList10","garage-bone","back",1,44,0.0227272727272727
"E2","TrialList10","garage-bone","barbecue",1,44,0.0227272727272727
"E2","TrialList10","garage-bone","build",1,44,0.0227272727272727
"E2","TrialList10","garage-bone","door",1,44,0.0227272727272727
"E2","TrialList10","garage-bone","drum",1,44,0.0227272727272727
"E2","TrialList10","garage-bone","epidermis",1,44,0.0227272727272727
"E2","TrialList10","garage-bone","fill",1,44,0.0227272727272727
"E2","TrialList10","garage-bone","kennel",1,44,0.0227272727272727
"E2","TrialList10","garage-bone","milk",1,44,0.0227272727272727
"E2","TrialList10","garage-bone","remains",1,44,0.0227272727272727
"E2","TrialList10","garage-bone","saw",1,44,0.0227272727272727
"E2","TrialList10","garage-bone","snoopy",1,44,0.0227272727272727
"E2","TrialList10","garage-bone","spooky",1,44,0.0227272727272727
"E2","TrialList10","garage-bone","structure",1,44,0.0227272727272727
"E2","TrialList10","garage-bone","tool",1,44,0.0227272727272727
"E2","TrialList10","garage-bone","underground",1,44,0.0227272727272727
"E2","TrialList8","giant-subtle","opposite",5,44,0.113636363636364
"E2","TrialList8","giant-subtle","gentle",4,44,0.0909090909090909
"E2","TrialList8","giant-subtle","conspicuous",2,44,0.0454545454545455
"E2","TrialList8","giant-subtle","elephant",2,44,0.0454545454545455
"E2","TrialList8","giant-subtle","hint",2,44,0.0454545454545455
"E2","TrialList8","giant-subtle","obvious",2,44,0.0454545454545455
"E2","TrialList8","giant-subtle","quiet",2,44,0.0454545454545455
"E2","TrialList8","giant-subtle","size",2,44,0.0454545454545455
"E2","TrialList8","giant-subtle","background",1,44,0.0227272727272727
"E2","TrialList8","giant-subtle","beanstalk",1,44,0.0227272727272727
"E2","TrialList8","giant-subtle","big",1,44,0.0227272727272727
"E2","TrialList8","giant-subtle","bigfoot",1,44,0.0227272727272727
"E2","TrialList8","giant-subtle","broad",1,44,0.0227272727272727
"E2","TrialList8","giant-subtle","cloud",1,44,0.0227272727272727
"E2","TrialList8","giant-subtle","clue",1,44,0.0227272727272727
"E2","TrialList8","giant-subtle","difficult",1,44,0.0227272727272727
"E2","TrialList8","giant-subtle","drastic",1,44,0.0227272727272727
"E2","TrialList8","giant-subtle","extreme",1,44,0.0227272727272727
"E2","TrialList8","giant-subtle","flaw",1,44,0.0227272727272727
"E2","TrialList8","giant-subtle","gesture",1,44,0.0227272727272727
"E2","TrialList8","giant-subtle","hagrid",1,44,0.0227272727272727
"E2","TrialList8","giant-subtle","huge",1,44,0.0227272727272727
"E2","TrialList8","giant-subtle","mistake",1,44,0.0227272727272727
"E2","TrialList8","giant-subtle","movement",1,44,0.0227272727272727
"E2","TrialList8","giant-subtle","ninja",1,44,0.0227272727272727
"E2","TrialList8","giant-subtle","noticeable",1,44,0.0227272727272727
"E2","TrialList8","giant-subtle","oxymoron",1,44,0.0227272727272727
"E2","TrialList8","giant-subtle","subdue",1,44,0.0227272727272727
"E2","TrialList8","giant-subtle","sun",1,44,0.0227272727272727
"E2","TrialList8","giant-subtle","unfathomable",1,44,0.0227272727272727
"E2","TrialList8","giant-subtle","unnoticed",1,44,0.0227272727272727
"E1","TrialList1","giggle-abnormal","snort",4,31,0.129032258064516
"E1","TrialList1","giggle-abnormal","funny",3,31,0.0967741935483871
"E1","TrialList1","giggle-abnormal","laugh",3,31,0.0967741935483871
"E1","TrialList1","giggle-abnormal","weird",3,31,0.0967741935483871
"E1","TrialList1","giggle-abnormal","comedy",2,31,0.0645161290322581
"E1","TrialList1","giggle-abnormal","hysterical",2,31,0.0645161290322581
"E1","TrialList1","giggle-abnormal","awkward",1,31,0.032258064516129
"E1","TrialList1","giggle-abnormal","cackle",1,31,0.032258064516129
"E1","TrialList1","giggle-abnormal","embarrass",1,31,0.032258064516129
"E1","TrialList1","giggle-abnormal","emotion",1,31,0.032258064516129
"E1","TrialList1","giggle-abnormal","extravert",1,31,0.032258064516129
"E1","TrialList1","giggle-abnormal","giddy",1,31,0.032258064516129
"E1","TrialList1","giggle-abnormal","goofy",1,31,0.032258064516129
"E1","TrialList1","giggle-abnormal","happy",1,31,0.032258064516129
"E1","TrialList1","giggle-abnormal","hilarious",1,31,0.032258064516129
"E1","TrialList1","giggle-abnormal","insane",1,31,0.032258064516129
"E1","TrialList1","giggle-abnormal","outburst",1,31,0.032258064516129
"E1","TrialList1","giggle-abnormal","quirky",1,31,0.032258064516129
"E1","TrialList1","giggle-abnormal","silly",1,31,0.032258064516129
"E1","TrialList1","giggle-abnormal","standout",1,31,0.032258064516129
"E2","TrialList7","glass-cage","container",5,43,0.116279069767442
"E2","TrialList7","glass-cage","zoo",5,43,0.116279069767442
"E2","TrialList7","glass-cage","aquarium",3,43,0.0697674418604651
"E2","TrialList7","glass-cage","window",3,43,0.0697674418604651
"E2","TrialList7","glass-cage","barrier",2,43,0.0465116279069767
"E2","TrialList7","glass-cage","trap",2,43,0.0465116279069767
"E2","TrialList7","glass-cage","animal",1,43,0.0232558139534884
"E2","TrialList7","glass-cage","bar",1,43,0.0232558139534884
"E2","TrialList7","glass-cage","bird",1,43,0.0232558139534884
"E2","TrialList7","glass-cage","break",1,43,0.0232558139534884
"E2","TrialList7","glass-cage","breakout",1,43,0.0232558139534884
"E2","TrialList7","glass-cage","confine",1,43,0.0232558139534884
"E2","TrialList7","glass-cage","confines",1,43,0.0232558139534884
"E2","TrialList7","glass-cage","contain",1,43,0.0232558139534884
"E2","TrialList7","glass-cage","containment",1,43,0.0232558139534884
"E2","TrialList7","glass-cage","encase",1,43,0.0232558139534884
"E2","TrialList7","glass-cage","exhibit",1,43,0.0232558139534884
"E2","TrialList7","glass-cage","fishtank",1,43,0.0232558139534884
"E2","TrialList7","glass-cage","fragile",1,43,0.0232558139534884
"E2","TrialList7","glass-cage","greenhouse",1,43,0.0232558139534884
"E2","TrialList7","glass-cage","louvre",1,43,0.0232558139534884
"E2","TrialList7","glass-cage","nicholas",1,43,0.0232558139534884
"E2","TrialList7","glass-cage","pantomime",1,43,0.0232558139534884
"E2","TrialList7","glass-cage","prism",1,43,0.0232558139534884
"E2","TrialList7","glass-cage","prison",1,43,0.0232558139534884
"E2","TrialList7","glass-cage","shatter",1,43,0.0232558139534884
"E2","TrialList7","glass-cage","structure",1,43,0.0232558139534884
"E2","TrialList7","glass-cage","transparent",1,43,0.0232558139534884
"E2","TrialList7","glass-cage","view",1,43,0.0232558139534884
"E2","TrialList2","gold-silver","metal",20,43,0.465116279069767
"E2","TrialList2","gold-silver","element",6,43,0.13953488372093
"E2","TrialList2","gold-silver","bronze",3,43,0.0697674418604651
"E2","TrialList2","gold-silver","precious",3,43,0.0697674418604651
"E2","TrialList2","gold-silver","jewelry",2,43,0.0465116279069767
"E2","TrialList2","gold-silver","medal",2,43,0.0465116279069767
"E2","TrialList2","gold-silver","coin",1,43,0.0232558139534884
"E2","TrialList2","gold-silver","commodity",1,43,0.0232558139534884
"E2","TrialList2","gold-silver","currency",1,43,0.0232558139534884
"E2","TrialList2","gold-silver","luxury",1,43,0.0232558139534884
"E2","TrialList2","gold-silver","money",1,43,0.0232558139534884
"E2","TrialList2","gold-silver","treasure",1,43,0.0232558139534884
"E2","TrialList2","gold-silver","valuable",1,43,0.0232558139534884
"E1","TrialList4","graph-copy","paper",6,31,0.193548387096774
"E1","TrialList4","graph-copy","excel",3,31,0.0967741935483871
"E1","TrialList4","graph-copy","homework",3,31,0.0967741935483871
"E1","TrialList4","graph-copy","computer",2,31,0.0645161290322581
"E1","TrialList4","graph-copy","data",2,31,0.0645161290322581
"E1","TrialList4","graph-copy","math",2,31,0.0645161290322581
"E1","TrialList4","graph-copy","spreadsheet",2,31,0.0645161290322581
"E1","TrialList4","graph-copy","analyze",1,31,0.032258064516129
"E1","TrialList4","graph-copy","cheat",1,31,0.032258064516129
"E1","TrialList4","graph-copy","document",1,31,0.032258064516129
"E1","TrialList4","graph-copy","microsoft",1,31,0.032258064516129
"E1","TrialList4","graph-copy","note",1,31,0.032258064516129
"E1","TrialList4","graph-copy","number",1,31,0.032258064516129
"E1","TrialList4","graph-copy","office",1,31,0.032258064516129
"E1","TrialList4","graph-copy","photo",1,31,0.032258064516129
"E1","TrialList4","graph-copy","program",1,31,0.032258064516129
"E1","TrialList4","graph-copy","statistic",1,31,0.032258064516129
"E1","TrialList4","graph-copy","work",1,31,0.032258064516129
"E2","TrialList5","hand-birth","baby",10,43,0.232558139534884
"E2","TrialList5","hand-birth","body",5,43,0.116279069767442
"E2","TrialList5","hand-birth","midwife",5,43,0.116279069767442
"E2","TrialList5","hand-birth","deliver",3,43,0.0697674418604651
"E2","TrialList5","hand-birth","finger",2,43,0.0465116279069767
"E2","TrialList5","hand-birth","human",2,43,0.0465116279069767
"E2","TrialList5","hand-birth","born",1,43,0.0232558139534884
"E2","TrialList5","hand-birth","doctor",1,43,0.0232558139534884
"E2","TrialList5","hand-birth","doula",1,43,0.0232558139534884
"E2","TrialList5","hand-birth","fingerprint",1,43,0.0232558139534884
"E2","TrialList5","hand-birth","first",1,43,0.0232558139534884
"E2","TrialList5","hand-birth","god",1,43,0.0232558139534884
"E2","TrialList5","hand-birth","mark",1,43,0.0232558139534884
"E2","TrialList5","hand-birth","masturbate",1,43,0.0232558139534884
"E2","TrialList5","hand-birth","mother",1,43,0.0232558139534884
"E2","TrialList5","hand-birth","newborn",1,43,0.0232558139534884
"E2","TrialList5","hand-birth","nurse",1,43,0.0232558139534884
"E2","TrialList5","hand-birth","right",1,43,0.0232558139534884
"E2","TrialList5","hand-birth","slap",1,43,0.0232558139534884
"E2","TrialList5","hand-birth","squeeze",1,43,0.0232558139534884
"E2","TrialList5","hand-birth","tradition",1,43,0.0232558139534884
"E2","TrialList5","hand-birth","vagina",1,43,0.0232558139534884
"E2","TrialList8","happy-sad","emotion",35,44,0.795454545454545
"E2","TrialList8","happy-sad","mood",4,44,0.0909090909090909
"E2","TrialList8","happy-sad","feeling",2,44,0.0454545454545455
"E2","TrialList8","happy-sad","bipolar",1,44,0.0227272727272727
"E2","TrialList8","happy-sad","marriage",1,44,0.0227272727272727
"E2","TrialList8","happy-sad","oppose",1,44,0.0227272727272727
"E1","TrialList7","heavy-feather","weight",14,31,0.451612903225806
"E1","TrialList7","heavy-feather","opposite",4,31,0.129032258064516
"E1","TrialList7","heavy-feather","light",2,31,0.0645161290322581
"E1","TrialList7","heavy-feather","antonym",1,31,0.032258064516129
"E1","TrialList7","heavy-feather","eagle",1,31,0.032258064516129
"E1","TrialList7","heavy-feather","float",1,31,0.032258064516129
"E1","TrialList7","heavy-feather","heart",1,31,0.032258064516129
"E1","TrialList7","heavy-feather","lightweight",1,31,0.032258064516129
"E1","TrialList7","heavy-feather","might",1,31,0.032258064516129
"E1","TrialList7","heavy-feather","ostrich",1,31,0.032258064516129
"E1","TrialList7","heavy-feather","oxymoron",1,31,0.032258064516129
"E1","TrialList7","heavy-feather","penguin",1,31,0.032258064516129
"E1","TrialList7","heavy-feather","pound",1,31,0.032258064516129
"E1","TrialList7","heavy-feather","weightless",1,31,0.032258064516129
"E2","TrialList3","holy-kind","jesus",6,44,0.136363636363636
"E2","TrialList3","holy-kind","christian",4,44,0.0909090909090909
"E2","TrialList3","holy-kind","priest",4,44,0.0909090909090909
"E2","TrialList3","holy-kind","saint",4,44,0.0909090909090909
"E2","TrialList3","holy-kind","church",3,44,0.0681818181818182
"E2","TrialList3","holy-kind","nun",3,44,0.0681818181818182
"E2","TrialList3","holy-kind","angel",2,44,0.0454545454545455
"E2","TrialList3","holy-kind","religious",2,44,0.0454545454545455
"E2","TrialList3","holy-kind","righteous",2,44,0.0454545454545455
"E2","TrialList3","holy-kind","charity",1,44,0.0227272727272727
"E2","TrialList3","holy-kind","christ",1,44,0.0227272727272727
"E2","TrialList3","holy-kind","commandment",1,44,0.0227272727272727
"E2","TrialList3","holy-kind","commandments",1,44,0.0227272727272727
"E2","TrialList3","holy-kind","diet",1,44,0.0227272727272727
"E2","TrialList3","holy-kind","emotion",1,44,0.0227272727272727
"E2","TrialList3","holy-kind","generous",1,44,0.0227272727272727
"E2","TrialList3","holy-kind","good",1,44,0.0227272727272727
"E2","TrialList3","holy-kind","lesson",1,44,0.0227272727272727
"E2","TrialList3","holy-kind","moral",1,44,0.0227272727272727
"E2","TrialList3","holy-kind","nice",1,44,0.0227272727272727
"E2","TrialList3","holy-kind","preacher",1,44,0.0227272727272727
"E2","TrialList3","holy-kind","religion",1,44,0.0227272727272727
"E2","TrialList3","holy-kind","virtue",1,44,0.0227272727272727
"E1","TrialList5","homeless-apartment","house",12,31,0.387096774193548
"E1","TrialList5","homeless-apartment","shelter",5,31,0.161290322580645
"E1","TrialList5","homeless-apartment","home",3,31,0.0967741935483871
"E1","TrialList5","homeless-apartment","live",3,31,0.0967741935483871
"E1","TrialList5","homeless-apartment","food",1,31,0.032258064516129
"E1","TrialList5","homeless-apartment","gentrification",1,31,0.032258064516129
"E1","TrialList5","homeless-apartment","hobo",1,31,0.032258064516129
"E1","TrialList5","homeless-apartment","living",1,31,0.032258064516129
"E1","TrialList5","homeless-apartment","price control",1,31,0.032258064516129
"E1","TrialList5","homeless-apartment","residence",1,31,0.032258064516129
"E1","TrialList5","homeless-apartment","sleep",1,31,0.032258064516129
"E1","TrialList5","homeless-apartment","welfare",1,31,0.032258064516129
"E1","TrialList3","hundred-economy","money",13,31,0.419354838709677
"E1","TrialList3","hundred-economy","dollar",3,31,0.0967741935483871
"E1","TrialList3","hundred-economy","number",2,31,0.0645161290322581
"E1","TrialList3","hundred-economy","rich",2,31,0.0645161290322581
"E1","TrialList3","hundred-economy","benjamin",1,31,0.032258064516129
"E1","TrialList3","hundred-economy","cash",1,31,0.032258064516129
"E1","TrialList3","hundred-economy","dollars",1,31,0.032258064516129
"E1","TrialList3","hundred-economy","fortune",1,31,0.032258064516129
"E1","TrialList3","hundred-economy","large",1,31,0.032258064516129
"E1","TrialList3","hundred-economy","monetary",1,31,0.032258064516129
"E1","TrialList3","hundred-economy","monopoly",1,31,0.032258064516129
"E1","TrialList3","hundred-economy","percentage",1,31,0.032258064516129
"E1","TrialList3","hundred-economy","price",1,31,0.032258064516129
"E1","TrialList3","hundred-economy","stock",1,31,0.032258064516129
"E1","TrialList3","hundred-economy","wall street",1,31,0.032258064516129
"E2","TrialList4","jump-leap","hop",15,44,0.340909090909091
"E2","TrialList4","jump-leap","frog",7,44,0.159090909090909
"E2","TrialList4","jump-leap","bounce",4,44,0.0909090909090909
"E2","TrialList4","jump-leap","height",3,44,0.0681818181818182
"E2","TrialList4","jump-leap","cliff",2,44,0.0454545454545455
"E2","TrialList4","jump-leap","air",1,44,0.0227272727272727
"E2","TrialList4","jump-leap","elevate",1,44,0.0227272727272727
"E2","TrialList4","jump-leap","faith",1,44,0.0227272727272727
"E2","TrialList4","jump-leap","high",1,44,0.0227272727272727
"E2","TrialList4","jump-leap","lift",1,44,0.0227272727272727
"E2","TrialList4","jump-leap","motion",1,44,0.0227272727272727
"E2","TrialList4","jump-leap","move",1,44,0.0227272727272727
"E2","TrialList4","jump-leap","prance",1,44,0.0227272727272727
"E2","TrialList4","jump-leap","skip",1,44,0.0227272727272727
"E2","TrialList4","jump-leap","skydive",1,44,0.0227272727272727
"E2","TrialList4","jump-leap","trampoline",1,44,0.0227272727272727
"E2","TrialList4","jump-leap","upward",1,44,0.0227272727272727
"E2","TrialList4","jump-leap","vault",1,44,0.0227272727272727
"E1","TrialList4","kitchen-egg","cook",15,31,0.483870967741935
"E1","TrialList4","kitchen-egg","bake",4,31,0.129032258064516
"E1","TrialList4","kitchen-egg","breakfast",4,31,0.129032258064516
"E1","TrialList4","kitchen-egg","fry",2,31,0.0645161290322581
"E1","TrialList4","kitchen-egg","bacon",1,31,0.032258064516129
"E1","TrialList4","kitchen-egg","chicken",1,31,0.032258064516129
"E1","TrialList4","kitchen-egg","domestic",1,31,0.032258064516129
"E1","TrialList4","kitchen-egg","food",1,31,0.032258064516129
"E1","TrialList4","kitchen-egg","omelet",1,31,0.032258064516129
"E1","TrialList4","kitchen-egg","scramble",1,31,0.032258064516129
"E2","TrialList5","lion-tiger","cat",24,43,0.558139534883721
"E2","TrialList5","lion-tiger","animal",5,43,0.116279069767442
"E2","TrialList5","lion-tiger","feline",4,43,0.0930232558139535
"E2","TrialList5","lion-tiger","roar",3,43,0.0697674418604651
"E2","TrialList5","lion-tiger","bear",1,43,0.0232558139534884
"E2","TrialList5","lion-tiger","beast",1,43,0.0232558139534884
"E2","TrialList5","lion-tiger","cheetah",1,43,0.0232558139534884
"E2","TrialList5","lion-tiger","mammal",1,43,0.0232558139534884
"E2","TrialList5","lion-tiger","safari",1,43,0.0232558139534884
"E2","TrialList5","lion-tiger","wildcat",1,43,0.0232558139534884
"E2","TrialList5","lion-tiger","zoo",1,43,0.0232558139534884
"E1","TrialList9","lunch-almond","food",14,31,0.451612903225806
"E1","TrialList9","lunch-almond","snack",7,31,0.225806451612903
"E1","TrialList9","lunch-almond","health",3,31,0.0967741935483871
"E1","TrialList9","lunch-almond","nut",2,31,0.0645161290322581
"E1","TrialList9","lunch-almond","allergy",1,31,0.032258064516129
"E1","TrialList9","lunch-almond","milk",1,31,0.032258064516129
"E1","TrialList9","lunch-almond","nutrition",1,31,0.032258064516129
"E1","TrialList9","lunch-almond","peanut",1,31,0.032258064516129
"E1","TrialList9","lunch-almond","sandwich",1,31,0.032258064516129
"E1","TrialList5","near-astronaut","space",15,31,0.483870967741935
"E1","TrialList5","near-astronaut","moon",3,31,0.0967741935483871
"E1","TrialList5","near-astronaut","distance",2,31,0.0645161290322581
"E1","TrialList5","near-astronaut","mars",2,31,0.0645161290322581
"E1","TrialList5","near-astronaut","discover",1,31,0.032258064516129
"E1","TrialList5","near-astronaut","far",1,31,0.032258064516129
"E1","TrialList5","near-astronaut","land",1,31,0.032258064516129
"E1","TrialList5","near-astronaut","nasa",1,31,0.032258064516129
"E1","TrialList5","near-astronaut","orbit",1,31,0.032258064516129
"E1","TrialList5","near-astronaut","rocket",1,31,0.032258064516129
"E1","TrialList5","near-astronaut","space station",1,31,0.032258064516129
"E1","TrialList5","near-astronaut","spatial",1,31,0.032258064516129
"E1","TrialList5","near-astronaut","train",1,31,0.032258064516129
"E2","TrialList7","old-new","age",14,44,0.318181818181818
"E2","TrialList7","old-new","opposite",6,44,0.136363636363636
"E2","TrialList7","old-new","time",6,44,0.136363636363636
"E2","TrialList7","old-new","generation",3,44,0.0681818181818182
"E2","TrialList7","old-new","condition",1,44,0.0227272727272727
"E2","TrialList7","old-new","cycle",1,44,0.0227272727272727
"E2","TrialList7","old-new","fresh",1,44,0.0227272727272727
"E2","TrialList7","old-new","friend",1,44,0.0227272727272727
"E2","TrialList7","old-new","god",1,44,0.0227272727272727
"E2","TrialList7","old-new","grandparent",1,44,0.0227272727272727
"E2","TrialList7","old-new","life",1,44,0.0227272727272727
"E2","TrialList7","old-new","memory",1,44,0.0227272727272727
"E2","TrialList7","old-new","midlife",1,44,0.0227272727272727
"E2","TrialList7","old-new","quality",1,44,0.0227272727272727
"E2","TrialList7","old-new","restore",1,44,0.0227272727272727
"E2","TrialList7","old-new","shop",1,44,0.0227272727272727
"E2","TrialList7","old-new","temporal",1,44,0.0227272727272727
"E2","TrialList7","old-new","use",1,44,0.0227272727272727
"E2","TrialList7","old-new","wedding",1,44,0.0227272727272727
"E2","TrialList9","olive-real","food",7,44,0.159090909090909
"E2","TrialList9","olive-real","oil",5,44,0.113636363636364
"E2","TrialList9","olive-real","martini",4,44,0.0909090909090909
"E2","TrialList9","olive-real","organic",3,44,0.0681818181818182
"E2","TrialList9","olive-real","eat",2,44,0.0454545454545455
"E2","TrialList9","olive-real","edible",2,44,0.0454545454545455
"E2","TrialList9","olive-real","green",2,44,0.0454545454545455
"E2","TrialList9","olive-real","taste",2,44,0.0454545454545455
"E2","TrialList9","olive-real","branch",1,44,0.0227272727272727
"E2","TrialList9","olive-real","genuine",1,44,0.0227272727272727
"E2","TrialList9","olive-real","greece",1,44,0.0227272727272727
"E2","TrialList9","olive-real","grow",1,44,0.0227272727272727
"E2","TrialList9","olive-real","health",1,44,0.0227272727272727
"E2","TrialList9","olive-real","italian",1,44,0.0227272727272727
"E2","TrialList9","olive-real","natural",1,44,0.0227272727272727
"E2","TrialList9","olive-real","nonfiction",1,44,0.0227272727272727
"E2","TrialList9","olive-real","nongmo",1,44,0.0227272727272727
"E2","TrialList9","olive-real","pit",1,44,0.0227272727272727
"E2","TrialList9","olive-real","salt",1,44,0.0227272727272727
"E2","TrialList9","olive-real","skin",1,44,0.0227272727272727
"E2","TrialList9","olive-real","tree",1,44,0.0227272727272727
"E2","TrialList9","olive-real","truth",1,44,0.0227272727272727
"E2","TrialList9","olive-real","unsugarcoated",1,44,0.0227272727272727
"E2","TrialList9","olive-real","vegetable",1,44,0.0227272727272727
"E2","TrialList9","olive-real","virgin",1,44,0.0227272727272727
"E1","TrialList5","onion-cigarette","smell",10,31,0.32258064516129
"E1","TrialList5","onion-cigarette","gross",3,31,0.0967741935483871
"E1","TrialList5","onion-cigarette","burn",2,31,0.0645161290322581
"E1","TrialList5","onion-cigarette","odor",2,31,0.0645161290322581
"E1","TrialList5","onion-cigarette","stink",2,31,0.0645161290322581
"E1","TrialList5","onion-cigarette","breath",1,31,0.032258064516129
"E1","TrialList5","onion-cigarette","cough",1,31,0.032258064516129
"E1","TrialList5","onion-cigarette","cry",1,31,0.032258064516129
"E1","TrialList5","onion-cigarette","disgust",1,31,0.032258064516129
"E1","TrialList5","onion-cigarette","halitosis",1,31,0.032258064516129
"E1","TrialList5","onion-cigarette","heat",1,31,0.032258064516129
"E1","TrialList5","onion-cigarette","lung",1,31,0.032258064516129
"E1","TrialList5","onion-cigarette","mouth",1,31,0.032258064516129
"E1","TrialList5","onion-cigarette","plant",1,31,0.032258064516129
"E1","TrialList5","onion-cigarette","pungent",1,31,0.032258064516129
"E1","TrialList5","onion-cigarette","smelly",1,31,0.032258064516129
"E1","TrialList5","onion-cigarette","strong",1,31,0.032258064516129
"E1","TrialList6","pants-collar","clothes",22,31,0.709677419354839
"E1","TrialList6","pants-collar","cloth",2,31,0.0645161290322581
"E1","TrialList6","pants-collar","shirt",2,31,0.0645161290322581
"E1","TrialList6","pants-collar","suit",2,31,0.0645161290322581
"E1","TrialList6","pants-collar","apparel",1,31,0.032258064516129
"E1","TrialList6","pants-collar","attire",1,31,0.032258064516129
"E1","TrialList6","pants-collar","belt",1,31,0.032258064516129
"E1","TrialList10","pendulum-dusk","time",8,31,0.258064516129032
"E1","TrialList10","pendulum-dusk","clock",6,31,0.193548387096774
"E1","TrialList10","pendulum-dusk","swing",5,31,0.161290322580645
"E1","TrialList10","pendulum-dusk","end",2,31,0.0645161290322581
"E1","TrialList10","pendulum-dusk","change",1,31,0.032258064516129
"E1","TrialList10","pendulum-dusk","cycle",1,31,0.032258064516129
"E1","TrialList10","pendulum-dusk","evening",1,31,0.032258064516129
"E1","TrialList10","pendulum-dusk","hypnotize",1,31,0.032258064516129
"E1","TrialList10","pendulum-dusk","light",1,31,0.032258064516129
"E1","TrialList10","pendulum-dusk","midnight",1,31,0.032258064516129
"E1","TrialList10","pendulum-dusk","repetitious",1,31,0.032258064516129
"E1","TrialList10","pendulum-dusk","right",1,31,0.032258064516129
"E1","TrialList10","pendulum-dusk","sun",1,31,0.032258064516129
"E1","TrialList10","pendulum-dusk","sunset",1,31,0.032258064516129
"E1","TrialList7","perjury-adultery","crime",12,31,0.387096774193548
"E1","TrialList7","perjury-adultery","sin",8,31,0.258064516129032
"E1","TrialList7","perjury-adultery","court",2,31,0.0645161290322581
"E1","TrialList7","perjury-adultery","cheat",1,31,0.032258064516129
"E1","TrialList7","perjury-adultery","courtroom",1,31,0.032258064516129
"E1","TrialList7","perjury-adultery","illegal",1,31,0.032258064516129
"E1","TrialList7","perjury-adultery","law",1,31,0.032258064516129
"E1","TrialList7","perjury-adultery","lawsuit",1,31,0.032258064516129
"E1","TrialList7","perjury-adultery","naughty",1,31,0.032258064516129
"E1","TrialList7","perjury-adultery","trump",1,31,0.032258064516129
"E1","TrialList7","perjury-adultery","wrong",1,31,0.032258064516129
"E1","TrialList7","perjury-adultery","wrongdoing",1,31,0.032258064516129
"E2","TrialList1","quick-glow","firefly",11,43,0.255813953488372
"E2","TrialList1","quick-glow","flash",7,43,0.162790697674419
"E2","TrialList1","quick-glow","light",6,43,0.13953488372093
"E2","TrialList1","quick-glow","spark",3,43,0.0697674418604651
"E2","TrialList1","quick-glow","flashlight",2,43,0.0465116279069767
"E2","TrialList1","quick-glow","lightning",2,43,0.0465116279069767
"E2","TrialList1","quick-glow","comet",1,43,0.0232558139534884
"E2","TrialList1","quick-glow","explosion",1,43,0.0232558139534884
"E2","TrialList1","quick-glow","fire",1,43,0.0232558139534884
"E2","TrialList1","quick-glow","firework",1,43,0.0232558139534884
"E2","TrialList1","quick-glow","flare",1,43,0.0232558139534884
"E2","TrialList1","quick-glow","flicker",1,43,0.0232558139534884
"E2","TrialList1","quick-glow","laser",1,43,0.0232558139534884
"E2","TrialList1","quick-glow","lightening",1,43,0.0232558139534884
"E2","TrialList1","quick-glow","match",1,43,0.0232558139534884
"E2","TrialList1","quick-glow","neon",1,43,0.0232558139534884
"E2","TrialList1","quick-glow","shine",1,43,0.0232558139534884
"E2","TrialList1","quick-glow","silver",1,43,0.0232558139534884
"E2","TrialList3","rude-regret","mean",6,43,0.13953488372093
"E2","TrialList3","rude-regret","negative",5,43,0.116279069767442
"E2","TrialList3","rude-regret","argument",3,43,0.0697674418604651
"E2","TrialList3","rude-regret","fight",3,43,0.0697674418604651
"E2","TrialList3","rude-regret","anger",2,43,0.0465116279069767
"E2","TrialList3","rude-regret","angry",2,43,0.0465116279069767
"E2","TrialList3","rude-regret","mistake",2,43,0.0465116279069767
"E2","TrialList3","rude-regret","shame",2,43,0.0465116279069767
"E2","TrialList3","rude-regret","sorry",2,43,0.0465116279069767
"E2","TrialList3","rude-regret","upset",2,43,0.0465116279069767
"E2","TrialList3","rude-regret","asshole",1,43,0.0232558139534884
"E2","TrialList3","rude-regret","attitude",1,43,0.0232558139534884
"E2","TrialList3","rude-regret","bad",1,43,0.0232558139534884
"E2","TrialList3","rude-regret","bully",1,43,0.0232558139534884
"E2","TrialList3","rude-regret","consequence",1,43,0.0232558139534884
"E2","TrialList3","rude-regret","guilt",1,43,0.0232558139534884
"E2","TrialList3","rude-regret","hindsight",1,43,0.0232558139534884
"E2","TrialList3","rude-regret","impression",1,43,0.0232558139534884
"E2","TrialList3","rude-regret","insult",1,43,0.0232558139534884
"E2","TrialList3","rude-regret","misbehave",1,43,0.0232558139534884
"E2","TrialList3","rude-regret","remorse",1,43,0.0232558139534884
"E2","TrialList3","rude-regret","road rage",1,43,0.0232558139534884
"E2","TrialList3","rude-regret","sin",1,43,0.0232558139534884
"E2","TrialList3","rude-regret","tantrum",1,43,0.0232558139534884
"E1","TrialList2","school-stop","bus",6,31,0.193548387096774
"E1","TrialList2","school-stop","crosswalk",3,31,0.0967741935483871
"E1","TrialList2","school-stop","graduate",3,31,0.0967741935483871
"E1","TrialList2","school-stop","graduation",2,31,0.0645161290322581
"E1","TrialList2","school-stop","break",1,31,0.032258064516129
"E1","TrialList2","school-stop","cancel",1,31,0.032258064516129
"E1","TrialList2","school-stop","children",1,31,0.032258064516129
"E1","TrialList2","school-stop","class",1,31,0.032258064516129
"E1","TrialList2","school-stop","cross",1,31,0.032258064516129
"E1","TrialList2","school-stop","education",1,31,0.032258064516129
"E1","TrialList2","school-stop","end",1,31,0.032258064516129
"E1","TrialList2","school-stop","learn",1,31,0.032258064516129
"E1","TrialList2","school-stop","red",1,31,0.032258064516129
"E1","TrialList2","school-stop","safety",1,31,0.032258064516129
"E1","TrialList2","school-stop","schedule",1,31,0.032258064516129
"E1","TrialList2","school-stop","sign",1,31,0.032258064516129
"E1","TrialList2","school-stop","sky",1,31,0.032258064516129
"E1","TrialList2","school-stop","summer",1,31,0.032258064516129
"E1","TrialList2","school-stop","suspension",1,31,0.032258064516129
"E1","TrialList2","school-stop","vacation",1,31,0.032258064516129
"E1","TrialList2","school-stop","washu",1,31,0.032258064516129
"E2","TrialList6","sit-stand","chair",12,42,0.285714285714286
"E2","TrialList6","sit-stand","position",10,42,0.238095238095238
"E2","TrialList6","sit-stand","action",2,42,0.0476190476190476
"E2","TrialList6","sit-stand","desk",2,42,0.0476190476190476
"E2","TrialList6","sit-stand","leg",2,42,0.0476190476190476
"E2","TrialList6","sit-stand","movement",2,42,0.0476190476190476
"E2","TrialList6","sit-stand","posture",2,42,0.0476190476190476
"E2","TrialList6","sit-stand","still",2,42,0.0476190476190476
"E2","TrialList6","sit-stand","command",1,42,0.0238095238095238
"E2","TrialList6","sit-stand","concert",1,42,0.0238095238095238
"E2","TrialList6","sit-stand","kneel",1,42,0.0238095238095238
"E2","TrialList6","sit-stand","lab",1,42,0.0238095238095238
"E2","TrialList6","sit-stand","legs",1,42,0.0238095238095238
"E2","TrialList6","sit-stand","move",1,42,0.0238095238095238
"E2","TrialList6","sit-stand","stationary",1,42,0.0238095238095238
"E2","TrialList6","sit-stand","symphony",1,42,0.0238095238095238
"E2","TrialList5","snake-ash","poison",6,44,0.136363636363636
"E2","TrialList5","snake-ash","black",3,44,0.0681818181818182
"E2","TrialList5","snake-ash","death",3,44,0.0681818181818182
"E2","TrialList5","snake-ash","pokemon",3,44,0.0681818181818182
"E2","TrialList5","snake-ash","dragon",2,44,0.0454545454545455
"E2","TrialList5","snake-ash","hiss",2,44,0.0454545454545455
"E2","TrialList5","snake-ash","pit",2,44,0.0454545454545455
"E2","TrialList5","snake-ash","slither",2,44,0.0454545454545455
"E2","TrialList5","snake-ash","burn",1,44,0.0227272727272727
"E2","TrialList5","snake-ash","camouflage",1,44,0.0227272727272727
"E2","TrialList5","snake-ash","camp",1,44,0.0227272727272727
"E2","TrialList5","snake-ash","charm",1,44,0.0227272727272727
"E2","TrialList5","snake-ash","cold blood",1,44,0.0227272727272727
"E2","TrialList5","snake-ash","desert",1,44,0.0227272727272727
"E2","TrialList5","snake-ash","dirt",1,44,0.0227272727272727
"E2","TrialList5","snake-ash","fireplace",1,44,0.0227272727272727
"E2","TrialList5","snake-ash","grey",1,44,0.0227272727272727
"E2","TrialList5","snake-ash","hades",1,44,0.0227272727272727
"E2","TrialList5","snake-ash","molt",1,44,0.0227272727272727
"E2","TrialList5","snake-ash","punishment",1,44,0.0227272727272727
"E2","TrialList5","snake-ash","reptile",1,44,0.0227272727272727
"E2","TrialList5","snake-ash","reputation",1,44,0.0227272727272727
"E2","TrialList5","snake-ash","ritual",1,44,0.0227272727272727
"E2","TrialList5","snake-ash","scare",1,44,0.0227272727272727
"E2","TrialList5","snake-ash","slip",1,44,0.0227272727272727
"E2","TrialList5","snake-ash","sly",1,44,0.0227272727272727
"E2","TrialList5","snake-ash","tree",1,44,0.0227272727272727
"E2","TrialList5","snake-ash","volcano",1,44,0.0227272727272727
"E2","TrialList5","snake-ash","you",1,44,0.0227272727272727
"E2","TrialList2","stern-wind","sail",6,44,0.136363636363636
"E2","TrialList2","stern-wind","boat",5,44,0.113636363636364
"E2","TrialList2","stern-wind","ship",5,44,0.113636363636364
"E2","TrialList2","stern-wind","harsh",4,44,0.0909090909090909
"E2","TrialList2","stern-wind","sailboat",3,44,0.0681818181818182
"E2","TrialList2","stern-wind","air",2,44,0.0454545454545455
"E2","TrialList2","stern-wind","cold",2,44,0.0454545454545455
"E2","TrialList2","stern-wind","hurricane",2,44,0.0454545454545455
"E2","TrialList2","stern-wind","strong",2,44,0.0454545454545455
"E2","TrialList2","stern-wind","tornado",2,44,0.0454545454545455
"E2","TrialList2","stern-wind","whip",2,44,0.0454545454545455
"E2","TrialList2","stern-wind","blow",1,44,0.0227272727272727
"E2","TrialList2","stern-wind","brisk",1,44,0.0227272727272727
"E2","TrialList2","stern-wind","fierce",1,44,0.0227272727272727
"E2","TrialList2","stern-wind","force",1,44,0.0227272727272727
"E2","TrialList2","stern-wind","galeforce",1,44,0.0227272727272727
"E2","TrialList2","stern-wind","horn",1,44,0.0227272727272727
"E2","TrialList2","stern-wind","tough",1,44,0.0227272727272727
"E2","TrialList2","stern-wind","weather",1,44,0.0227272727272727
"E2","TrialList2","stern-wind","wind",1,44,0.0227272727272727
"E2","TrialList2","sun-bowl","round",15,42,0.357142857142857
"E2","TrialList2","sun-bowl","breakfast",4,42,0.0952380952380952
"E2","TrialList2","sun-bowl","circle",4,42,0.0952380952380952
"E2","TrialList2","sun-bowl","sphere",4,42,0.0952380952380952
"E2","TrialList2","sun-bowl","picnic",2,42,0.0476190476190476
"E2","TrialList2","sun-bowl","autoclave",1,42,0.0238095238095238
"E2","TrialList2","sun-bowl","cereal",1,42,0.0238095238095238
"E2","TrialList2","sun-bowl","chip",1,42,0.0238095238095238
"E2","TrialList2","sun-bowl","contain",1,42,0.0238095238095238
"E2","TrialList2","sun-bowl","curvature",1,42,0.0238095238095238
"E2","TrialList2","sun-bowl","football",1,42,0.0238095238095238
"E2","TrialList2","sun-bowl","heat",1,42,0.0238095238095238
"E2","TrialList2","sun-bowl","ice cream",1,42,0.0238095238095238
"E2","TrialList2","sun-bowl","plate",1,42,0.0238095238095238
"E2","TrialList2","sun-bowl","raisin",1,42,0.0238095238095238
"E2","TrialList2","sun-bowl","raisin bran",1,42,0.0238095238095238
"E2","TrialList2","sun-bowl","set",1,42,0.0238095238095238
"E2","TrialList2","sun-bowl","sundae",1,42,0.0238095238095238
"E1","TrialList10","tea-bean","coffee",10,31,0.32258064516129
"E1","TrialList10","tea-bean","drink",6,31,0.193548387096774
"E1","TrialList10","tea-bean","cafe",2,31,0.0645161290322581
"E1","TrialList10","tea-bean","green",2,31,0.0645161290322581
"E1","TrialList10","tea-bean","beverage",1,31,0.032258064516129
"E1","TrialList10","tea-bean","black",1,31,0.032258064516129
"E1","TrialList10","tea-bean","boston",1,31,0.032258064516129
"E1","TrialList10","tea-bean","caffeine",1,31,0.032258064516129
"E1","TrialList10","tea-bean","food",1,31,0.032258064516129
"E1","TrialList10","tea-bean","legume",1,31,0.032258064516129
"E1","TrialList10","tea-bean","plant",1,31,0.032258064516129
"E1","TrialList10","tea-bean","roast",1,31,0.032258064516129
"E1","TrialList10","tea-bean","starbucks",1,31,0.032258064516129
"E1","TrialList10","tea-bean","time",1,31,0.032258064516129
"E1","TrialList10","tea-bean","vanilla",1,31,0.032258064516129
"E2","TrialList3","teeth-gums","mouth",23,43,0.534883720930233
"E2","TrialList3","teeth-gums","dentist",7,43,0.162790697674419
"E2","TrialList3","teeth-gums","floss",4,43,0.0930232558139535
"E2","TrialList3","teeth-gums","dental",3,43,0.0697674418604651
"E2","TrialList3","teeth-gums","gingivitis",2,43,0.0465116279069767
"E2","TrialList3","teeth-gums","brush",1,43,0.0232558139534884
"E2","TrialList3","teeth-gums","cavity",1,43,0.0232558139534884
"E2","TrialList3","teeth-gums","dentistry",1,43,0.0232558139534884
"E2","TrialList3","teeth-gums","oral",1,43,0.0232558139534884
"E1","TrialList9","toes-dracula","blood",5,31,0.161290322580645
"E1","TrialList9","toes-dracula","vampire",4,31,0.129032258064516
"E1","TrialList9","toes-dracula","count",3,31,0.0967741935483871
"E1","TrialList9","toes-dracula","body",2,31,0.0645161290322581
"E1","TrialList9","toes-dracula","claw",2,31,0.0645161290322581
"E1","TrialList9","toes-dracula","human",2,31,0.0645161290322581
"E1","TrialList9","toes-dracula","suck",2,31,0.0645161290322581
"E1","TrialList9","toes-dracula","creepy",1,31,0.032258064516129
"E1","TrialList9","toes-dracula","fetish",1,31,0.032258064516129
"E1","TrialList9","toes-dracula","freak",1,31,0.032258064516129
"E1","TrialList9","toes-dracula","ground",1,31,0.032258064516129
"E1","TrialList9","toes-dracula","person",1,31,0.032258064516129
"E1","TrialList9","toes-dracula","scary",1,31,0.032258064516129
"E1","TrialList9","toes-dracula","stub",1,31,0.032258064516129
"E1","TrialList9","toes-dracula","teeth",1,31,0.032258064516129
"E1","TrialList9","toes-dracula","twilight",1,31,0.032258064516129
"E1","TrialList9","toes-dracula","ugly",1,31,0.032258064516129
"E1","TrialList9","toes-dracula","vein",1,31,0.032258064516129
"E1","TrialList10","tourist-comedy","laugh",4,31,0.129032258064516
"E1","TrialList10","tourist-comedy","entertain",2,31,0.0645161290322581
"E1","TrialList10","tourist-comedy","show",2,31,0.0645161290322581
"E1","TrialList10","tourist-comedy","travel",2,31,0.0645161290322581
"E1","TrialList10","tourist-comedy","activity",1,31,0.032258064516129
"E1","TrialList10","tourist-comedy","attraction",1,31,0.032258064516129
"E1","TrialList10","tourist-comedy","audience",1,31,0.032258064516129
"E1","TrialList10","tourist-comedy","aziz",1,31,0.032258064516129
"E1","TrialList10","tourist-comedy","borat",1,31,0.032258064516129
"E1","TrialList10","tourist-comedy","cinema",1,31,0.032258064516129
"E1","TrialList10","tourist-comedy","cruise",1,31,0.032258064516129
"E1","TrialList10","tourist-comedy","ellen",1,31,0.032258064516129
"E1","TrialList10","tourist-comedy","enjoy",1,31,0.032258064516129
"E1","TrialList10","tourist-comedy","fun",1,31,0.032258064516129
"E1","TrialList10","tourist-comedy","funny",1,31,0.032258064516129
"E1","TrialList10","tourist-comedy","happy",1,31,0.032258064516129
"E1","TrialList10","tourist-comedy","hawaii",1,31,0.032258064516129
"E1","TrialList10","tourist-comedy","las vegas",1,31,0.032258064516129
"E1","TrialList10","tourist-comedy","performance",1,31,0.032258064516129
"E1","TrialList10","tourist-comedy","plan",1,31,0.032258064516129
"E1","TrialList10","tourist-comedy","sightseeing",1,31,0.032258064516129
"E1","TrialList10","tourist-comedy","tacky",1,31,0.032258064516129
"E1","TrialList10","tourist-comedy","theatre",1,31,0.032258064516129
"E1","TrialList10","tourist-comedy","ticket",1,31,0.032258064516129
"E1","TrialList10","tourist-comedy","vacation",1,31,0.032258064516129
"E2","TrialList4","travel-ankle","walk",10,44,0.227272727272727
"E2","TrialList4","travel-ankle","basketball",2,44,0.0454545454545455
"E2","TrialList4","travel-ankle","feet",2,44,0.0454545454545455
"E2","TrialList4","travel-ankle","foot",2,44,0.0454545454545455
"E2","TrialList4","travel-ankle","footpath",2,44,0.0454545454545455
"E2","TrialList4","travel-ankle","leg",2,44,0.0454545454545455
"E2","TrialList4","travel-ankle","twist",2,44,0.0454545454545455
"E2","TrialList4","travel-ankle","accelerate",1,44,0.0227272727272727
"E2","TrialList4","travel-ankle","achilles",1,44,0.0227272727272727
"E2","TrialList4","travel-ankle","ale",1,44,0.0227272727272727
"E2","TrialList4","travel-ankle","boot",1,44,0.0227272727272727
"E2","TrialList4","travel-ankle","break",1,44,0.0227272727272727
"E2","TrialList4","travel-ankle","broken",1,44,0.0227272727272727
"E2","TrialList4","travel-ankle","connector",1,44,0.0227272727272727
"E2","TrialList4","travel-ankle","destination",1,44,0.0227272727272727
"E2","TrialList4","travel-ankle","getaway",1,44,0.0227272727272727
"E2","TrialList4","travel-ankle","globetrotter",1,44,0.0227272727272727
"E2","TrialList4","travel-ankle","hike",1,44,0.0227272727272727
"E2","TrialList4","travel-ankle","joint",1,44,0.0227272727272727
"E2","TrialList4","travel-ankle","movement",1,44,0.0227272727272727
"E2","TrialList4","travel-ankle","plane",1,44,0.0227272727272727
"E2","TrialList4","travel-ankle","rotate",1,44,0.0227272727272727
"E2","TrialList4","travel-ankle","sandal",1,44,0.0227272727272727
"E2","TrialList4","travel-ankle","shoe",1,44,0.0227272727272727
"E2","TrialList4","travel-ankle","transportation",1,44,0.0227272727272727
"E2","TrialList4","travel-ankle","trap",1,44,0.0227272727272727
"E2","TrialList4","travel-ankle","trek",1,44,0.0227272727272727
"E2","TrialList4","travel-ankle","trip",1,44,0.0227272727272727
"E2","TrialList4","travel-ankle","vacation",1,44,0.0227272727272727
"E2","TrialList1","tree-oak","wood",5,43,0.116279069767442
"E2","TrialList1","tree-oak","arbor",4,43,0.0930232558139535
"E2","TrialList1","tree-oak","forest",4,43,0.0930232558139535
"E2","TrialList1","tree-oak","leaf",4,43,0.0930232558139535
"E2","TrialList1","tree-oak","plant",4,43,0.0930232558139535
"E2","TrialList1","tree-oak","acorn",3,43,0.0697674418604651
"E2","TrialList1","tree-oak","foliage",2,43,0.0465116279069767
"E2","TrialList1","tree-oak","green",2,43,0.0465116279069767
"E2","TrialList1","tree-oak","nature",2,43,0.0465116279069767
"E2","TrialList1","tree-oak","squirrel",2,43,0.0465116279069767
"E2","TrialList1","tree-oak","bark",1,43,0.0232558139534884
"E2","TrialList1","tree-oak","branch",1,43,0.0232558139534884
"E2","TrialList1","tree-oak","climb",1,43,0.0232558139534884
"E2","TrialList1","tree-oak","deciduous",1,43,0.0232558139534884
"E2","TrialList1","tree-oak","maple",1,43,0.0232558139534884
"E2","TrialList1","tree-oak","photosynthesis",1,43,0.0232558139534884
"E2","TrialList1","tree-oak","quercus",1,43,0.0232558139534884
"E2","TrialList1","tree-oak","root",1,43,0.0232558139534884
"E2","TrialList1","tree-oak","sturdy",1,43,0.0232558139534884
"E2","TrialList1","tree-oak","sycamore",1,43,0.0232558139534884
"E2","TrialList1","tree-oak","tree",1,43,0.0232558139534884
"E1","TrialList1","void-couch","lazy",5,31,0.161290322580645
"E1","TrialList1","void-couch","alone",2,31,0.0645161290322581
"E1","TrialList1","void-couch","empty",2,31,0.0645161290322581
"E1","TrialList1","void-couch","relax",2,31,0.0645161290322581
"E1","TrialList1","void-couch","sit",2,31,0.0645161290322581
"E1","TrialList1","void-couch","space",2,31,0.0645161290322581
"E1","TrialList1","void-couch","comfort",1,31,0.032258064516129
"E1","TrialList1","void-couch","comfortable",1,31,0.032258064516129
"E1","TrialList1","void-couch","crack",1,31,0.032258064516129
"E1","TrialList1","void-couch","depress",1,31,0.032258064516129
"E1","TrialList1","void-couch","depressed",1,31,0.032258064516129
"E1","TrialList1","void-couch","furniture",1,31,0.032258064516129
"E1","TrialList1","void-couch","move",1,31,0.032258064516129
"E1","TrialList1","void-couch","pillow",1,31,0.032258064516129
"E1","TrialList1","void-couch","purchase",1,31,0.032258064516129
"E1","TrialList1","void-couch","seat",1,31,0.032258064516129
"E1","TrialList1","void-couch","seatcheck",1,31,0.032258064516129
"E1","TrialList1","void-couch","sedentary",1,31,0.032258064516129
"E1","TrialList1","void-couch","sofa",1,31,0.032258064516129
"E1","TrialList1","void-couch","stare",1,31,0.032258064516129
"E1","TrialList1","void-couch","store",1,31,0.032258064516129
"E1","TrialList1","void-couch","weekend",1,31,0.032258064516129
"E1","TrialList6","war-quiet","peace",5,30,0.166666666666667
"E1","TrialList6","war-quiet","fight",3,30,0.1
"E1","TrialList6","war-quiet","ceasefire",2,30,0.0666666666666667
"E1","TrialList6","war-quiet","silent",2,30,0.0666666666666667
"E1","TrialList6","war-quiet","stealth",2,30,0.0666666666666667
"E1","TrialList6","war-quiet","apocalypse",1,30,0.0333333333333333
"E1","TrialList6","war-quiet","battle",1,30,0.0333333333333333
"E1","TrialList6","war-quiet","battlefield",1,30,0.0333333333333333
"E1","TrialList6","war-quiet","death",1,30,0.0333333333333333
"E1","TrialList6","war-quiet","disagreement",1,30,0.0333333333333333
"E1","TrialList6","war-quiet","drone",1,30,0.0333333333333333
"E1","TrialList6","war-quiet","loud",1,30,0.0333333333333333
"E1","TrialList6","war-quiet","melancholy",1,30,0.0333333333333333
"E1","TrialList6","war-quiet","negotiate",1,30,0.0333333333333333
"E1","TrialList6","war-quiet","noise",1,30,0.0333333333333333
"E1","TrialList6","war-quiet","nuclear",1,30,0.0333333333333333
"E1","TrialList6","war-quiet","settlement",1,30,0.0333333333333333
"E1","TrialList6","war-quiet","silence",1,30,0.0333333333333333
"E1","TrialList6","war-quiet","spies",1,30,0.0333333333333333
"E1","TrialList6","war-quiet","veteran",1,30,0.0333333333333333
"E1","TrialList6","war-quiet","yell",1,30,0.0333333333333333
"E2","TrialList9","weird-trauma","shock",3,43,0.0697674418604651
"E2","TrialList9","weird-trauma","abnormal",2,43,0.0465116279069767
"E2","TrialList9","weird-trauma","feeling",2,43,0.0465116279069767
"E2","TrialList9","weird-trauma","memorable",2,43,0.0465116279069767
"E2","TrialList9","weird-trauma","nightmare",2,43,0.0465116279069767
"E2","TrialList9","weird-trauma","ptsd",2,43,0.0465116279069767
"E2","TrialList9","weird-trauma","uncomfortable",2,43,0.0465116279069767
"E2","TrialList9","weird-trauma","accident",1,43,0.0232558139534884
"E2","TrialList9","weird-trauma","clown",1,43,0.0232558139534884
"E2","TrialList9","weird-trauma","concussion",1,43,0.0232558139534884
"E2","TrialList9","weird-trauma","crazy",1,43,0.0232558139534884
"E2","TrialList9","weird-trauma","creepy",1,43,0.0232558139534884
"E2","TrialList9","weird-trauma","difficult",1,43,0.0232558139534884
"E2","TrialList9","weird-trauma","dysfunction",1,43,0.0232558139534884
"E2","TrialList9","weird-trauma","eerie",1,43,0.0232558139534884
"E2","TrialList9","weird-trauma","emergency",1,43,0.0232558139534884
"E2","TrialList9","weird-trauma","hallucination",1,43,0.0232558139534884
"E2","TrialList9","weird-trauma","horror",1,43,0.0232558139534884
"E2","TrialList9","weird-trauma","hospital",1,43,0.0232558139534884
"E2","TrialList9","weird-trauma","hurt",1,43,0.0232558139534884
"E2","TrialList9","weird-trauma","incident",1,43,0.0232558139534884
"E2","TrialList9","weird-trauma","injury",1,43,0.0232558139534884
"E2","TrialList9","weird-trauma","insanity",1,43,0.0232558139534884
"E2","TrialList9","weird-trauma","minority",1,43,0.0232558139534884
"E2","TrialList9","weird-trauma","misdiagnosis",1,43,0.0232558139534884
"E2","TrialList9","weird-trauma","paranormal",1,43,0.0232558139534884
"E2","TrialList9","weird-trauma","psychoanalysis",1,43,0.0232558139534884
"E2","TrialList9","weird-trauma","rollercoaster",1,43,0.0232558139534884
"E2","TrialList9","weird-trauma","scar",1,43,0.0232558139534884
"E2","TrialList9","weird-trauma","school",1,43,0.0232558139534884
"E2","TrialList9","weird-trauma","stab",1,43,0.0232558139534884
"E2","TrialList9","weird-trauma","strange",1,43,0.0232558139534884
"E2","TrialList9","weird-trauma","trigger",1,43,0.0232558139534884
"E2","TrialList9","weird-trauma","unusual",1,43,0.0232558139534884
"E2","TrialList9","weird-trauma","you",1,43,0.0232558139534884
